date,type,nb_objets
2016-01-31 00:00:00+00:00,"Appareils électroniques, informatiques, appareils photo",1035
2016-01-31 00:00:00+00:00,"Articles d'enfants, de puériculture",79
2016-01-31 00:00:00+00:00,"Articles de sport, loisirs, camping",63
2016-01-31 00:00:00+00:00,Articles médicaux,49
2016-01-31 00:00:00+00:00,"Bagagerie: sacs, valises, cartables",2112
2016-01-31 00:00:00+00:00,"Bijoux, montres",72
2016-01-31 00:00:00+00:00,"Clés, porte-clés, badge magnétique",461
2016-01-31 00:00:00+00:00,Divers,137
2016-01-31 00:00:00+00:00,Instruments de musique,7
2016-01-31 00:00:00+00:00,"Livres, articles de papéterie",198
2016-01-31 00:00:00+00:00,Optique,385
2016-01-31 00:00:00+00:00,Parapluies,121
2016-01-31 00:00:00+00:00,Pièces d'identités et papiers personnels,762
2016-01-31 00:00:00+00:00,"Porte-monnaie / portefeuille, argent, titres",839
2016-01-31 00:00:00+00:00,"Vélos, trottinettes, accessoires 2 roues",60
2016-01-31 00:00:00+00:00,"Vêtements, chaussures",863
2016-02-29 00:00:00+00:00,"Appareils électroniques, informatiques, appareils photo",1004
2016-02-29 00:00:00+00:00,"Articles d'enfants, de puériculture",103
2016-02-29 00:00:00+00:00,"Articles de sport, loisirs, camping",71
2016-02-29 00:00:00+00:00,Articles médicaux,33
2016-02-29 00:00:00+00:00,"Bagagerie: sacs, valises, cartables",2152
2016-02-29 00:00:00+00:00,"Bijoux, montres",92
2016-02-29 00:00:00+00:00,"Clés, porte-clés, badge magnétique",348
2016-02-29 00:00:00+00:00,Divers,119
2016-02-29 00:00:00+00:00,Instruments de musique,17
2016-02-29 00:00:00+00:00,"Livres, articles de papéterie",187
2016-02-29 00:00:00+00:00,Optique,408
2016-02-29 00:00:00+00:00,Parapluies,146
2016-02-29 00:00:00+00:00,Pièces d'identités et papiers personnels,689
2016-02-29 00:00:00+00:00,"Porte-monnaie / portefeuille, argent, titres",820
2016-02-29 00:00:00+00:00,"Vélos, trottinettes, accessoires 2 roues",82
2016-02-29 00:00:00+00:00,"Vêtements, chaussures",903
2016-03-31 00:00:00+00:00,"Appareils électroniques, informatiques, appareils photo",1126
2016-03-31 00:00:00+00:00,"Articles d'enfants, de puériculture",100
2016-03-31 00:00:00+00:00,"Articles de sport, loisirs, camping",77
2016-03-31 00:00:00+00:00,Articles médicaux,38
2016-03-31 00:00:00+00:00,"Bagagerie: sacs, valises, cartables",2191
2016-03-31 00:00:00+00:00,"Bijoux, montres",71
2016-03-31 00:00:00+00:00,"Clés, porte-clés, badge magnétique",425
2016-03-31 00:00:00+00:00,Divers,147
2016-03-31 00:00:00+00:00,Instruments de musique,22
2016-03-31 00:00:00+00:00,"Livres, articles de papéterie",223
2016-03-31 00:00:00+00:00,Optique,412
2016-03-31 00:00:00+00:00,Parapluies,132
2016-03-31 00:00:00+00:00,Pièces d'identités et papiers personnels,692
2016-03-31 00:00:00+00:00,"Porte-monnaie / portefeuille, argent, titres",849
2016-03-31 00:00:00+00:00,"Vélos, trottinettes, accessoires 2 roues",76
2016-03-31 00:00:00+00:00,"Vêtements, chaussures",871
2016-04-30 00:00:00+00:00,"Appareils électroniques, informatiques, appareils photo",1135
2016-04-30 00:00:00+00:00,"Articles d'enfants, de puériculture",113
2016-04-30 00:00:00+00:00,"Articles de sport, loisirs, camping",68
2016-04-30 00:00:00+00:00,Articles médicaux,50
2016-04-30 00:00:00+00:00,"Bagagerie: sacs, valises, cartables",2206
2016-04-30 00:00:00+00:00,"Bijoux, montres",73
2016-04-30 00:00:00+00:00,"Clés, porte-clés, badge magnétique",404
2016-04-30 00:00:00+00:00,Divers,164
2016-04-30 00:00:00+00:00,Instruments de musique,24
2016-04-30 00:00:00+00:00,"Livres, articles de papéterie",214
2016-04-30 00:00:00+00:00,Optique,437
2016-04-30 00:00:00+00:00,Parapluies,111
2016-04-30 00:00:00+00:00,Pièces d'identités et papiers personnels,693
2016-04-30 00:00:00+00:00,"Porte-monnaie / portefeuille, argent, titres",930
2016-04-30 00:00:00+00:00,"Vélos, trottinettes, accessoires 2 roues",94
2016-04-30 00:00:00+00:00,"Vêtements, chaussures",869
2016-05-31 00:00:00+00:00,"Appareils électroniques, informatiques, appareils photo",1188
2016-05-31 00:00:00+00:00,"Articles d'enfants, de puériculture",97
2016-05-31 00:00:00+00:00,"Articles de sport, loisirs, camping",82
2016-05-31 00:00:00+00:00,Articles médicaux,59
2016-05-31 00:00:00+00:00,"Bagagerie: sacs, valises, cartables",2176
2016-05-31 00:00:00+00:00,"Bijoux, montres",84
2016-05-31 00:00:00+00:00,"Clés, porte-clés, badge magnétique",431
2016-05-31 00:00:00+00:00,Divers,155
2016-05-31 00:00:00+00:00,Instruments de musique,21
2016-05-31 00:00:00+00:00,"Livres, articles de papéterie",235
2016-05-31 00:00:00+00:00,Optique,588
2016-05-31 00:00:00+00:00,Parapluies,157
2016-05-31 00:00:00+00:00,Pièces d'identités et papiers personnels,743
2016-05-31 00:00:00+00:00,"Porte-monnaie / portefeuille, argent, titres",949
2016-05-31 00:00:00+00:00,"Vélos, trottinettes, accessoires 2 roues",72
2016-05-31 00:00:00+00:00,"Vêtements, chaussures",1096
2016-06-30 00:00:00+00:00,"Appareils électroniques, informatiques, appareils photo",1057
2016-06-30 00:00:00+00:00,"Articles d'enfants, de puériculture",61
2016-06-30 00:00:00+00:00,"Articles de sport, loisirs, camping",95
2016-06-30 00:00:00+00:00,Articles médicaux,50
2016-06-30 00:00:00+00:00,"Bagagerie: sacs, valises, cartables",1910
2016-06-30 00:00:00+00:00,"Bijoux, montres",80
2016-06-30 00:00:00+00:00,"Clés, porte-clés, badge magnétique",399
2016-06-30 00:00:00+00:00,Divers,141
2016-06-30 00:00:00+00:00,Instruments de musique,22
2016-06-30 00:00:00+00:00,"Livres, articles de papéterie",219
2016-06-30 00:00:00+00:00,Optique,479
2016-06-30 00:00:00+00:00,Parapluies,141
2016-06-30 00:00:00+00:00,Pièces d'identités et papiers personnels,716
2016-06-30 00:00:00+00:00,"Porte-monnaie / portefeuille, argent, titres",926
2016-06-30 00:00:00+00:00,"Vélos, trottinettes, accessoires 2 roues",79
2016-06-30 00:00:00+00:00,"Vêtements, chaussures",1152
2016-07-31 00:00:00+00:00,"Appareils électroniques, informatiques, appareils photo",1261
2016-07-31 00:00:00+00:00,"Articles d'enfants, de puériculture",127
2016-07-31 00:00:00+00:00,"Articles de sport, loisirs, camping",161
2016-07-31 00:00:00+00:00,Articles médicaux,59
2016-07-31 00:00:00+00:00,"Bagagerie: sacs, valises, cartables",2494
2016-07-31 00:00:00+00:00,"Bijoux, montres",98
2016-07-31 00:00:00+00:00,"Clés, porte-clés, badge magnétique",452
2016-07-31 00:00:00+00:00,Divers,184
2016-07-31 00:00:00+00:00,Instruments de musique,24
2016-07-31 00:00:00+00:00,"Livres, articles de papéterie",202
2016-07-31 00:00:00+00:00,Optique,658
2016-07-31 00:00:00+00:00,Parapluies,35
2016-07-31 00:00:00+00:00,Pièces d'identités et papiers personnels,804
2016-07-31 00:00:00+00:00,"Porte-monnaie / portefeuille, argent, titres",1088
2016-07-31 00:00:00+00:00,"Vélos, trottinettes, accessoires 2 roues",122
2016-07-31 00:00:00+00:00,"Vêtements, chaussures",1410
2016-08-31 00:00:00+00:00,"Appareils électroniques, informatiques, appareils photo",1197
2016-08-31 00:00:00+00:00,"Articles d'enfants, de puériculture",157
2016-08-31 00:00:00+00:00,"Articles de sport, loisirs, camping",223
2016-08-31 00:00:00+00:00,Articles médicaux,83
2016-08-31 00:00:00+00:00,"Bagagerie: sacs, valises, cartables",2387
2016-08-31 00:00:00+00:00,"Bijoux, montres",77
2016-08-31 00:00:00+00:00,"Clés, porte-clés, badge magnétique",418
2016-08-31 00:00:00+00:00,Divers,179
2016-08-31 00:00:00+00:00,Instruments de musique,26
2016-08-31 00:00:00+00:00,"Livres, articles de papéterie",202
2016-08-31 00:00:00+00:00,Optique,663
2016-08-31 00:00:00+00:00,Parapluies,62
2016-08-31 00:00:00+00:00,Pièces d'identités et papiers personnels,769
2016-08-31 00:00:00+00:00,"Porte-monnaie / portefeuille, argent, titres",1071
2016-08-31 00:00:00+00:00,"Vélos, trottinettes, accessoires 2 roues",95
2016-08-31 00:00:00+00:00,"Vêtements, chaussures",1319
2016-09-30 00:00:00+00:00,"Appareils électroniques, informatiques, appareils photo",1220
2016-09-30 00:00:00+00:00,"Articles d'enfants, de puériculture",79
2016-09-30 00:00:00+00:00,"Articles de sport, loisirs, camping",113
2016-09-30 00:00:00+00:00,Articles médicaux,58
2016-09-30 00:00:00+00:00,"Bagagerie: sacs, valises, cartables",2088
2016-09-30 00:00:00+00:00,"Bijoux, montres",85
2016-09-30 00:00:00+00:00,"Clés, porte-clés, badge magnétique",464
2016-09-30 00:00:00+00:00,Divers,154
2016-09-30 00:00:00+00:00,Instruments de musique,17
2016-09-30 00:00:00+00:00,"Livres, articles de papéterie",243
2016-09-30 00:00:00+00:00,Optique,539
2016-09-30 00:00:00+00:00,Parapluies,77
2016-09-30 00:00:00+00:00,Pièces d'identités et papiers personnels,715
2016-09-30 00:00:00+00:00,"Porte-monnaie / portefeuille, argent, titres",1017
2016-09-30 00:00:00+00:00,"Vélos, trottinettes, accessoires 2 roues",117
2016-09-30 00:00:00+00:00,"Vêtements, chaussures",1361
2016-10-31 00:00:00+00:00,"Appareils électroniques, informatiques, appareils photo",1170
2016-10-31 00:00:00+00:00,"Articles d'enfants, de puériculture",115
2016-10-31 00:00:00+00:00,"Articles de sport, loisirs, camping",73
2016-10-31 00:00:00+00:00,Articles médicaux,44
2016-10-31 00:00:00+00:00,"Bagagerie: sacs, valises, cartables",2517
2016-10-31 00:00:00+00:00,"Bijoux, montres",72
2016-10-31 00:00:00+00:00,"Clés, porte-clés, badge magnétique",415
2016-10-31 00:00:00+00:00,Divers,160
2016-10-31 00:00:00+00:00,Instruments de musique,15
2016-10-31 00:00:00+00:00,"Livres, articles de papéterie",249
2016-10-31 00:00:00+00:00,Optique,463
2016-10-31 00:00:00+00:00,Parapluies,86
2016-10-31 00:00:00+00:00,Pièces d'identités et papiers personnels,743
2016-10-31 00:00:00+00:00,"Porte-monnaie / portefeuille, argent, titres",1033
2016-10-31 00:00:00+00:00,"Vélos, trottinettes, accessoires 2 roues",84
2016-10-31 00:00:00+00:00,"Vêtements, chaussures",1109
2016-11-30 00:00:00+00:00,"Appareils électroniques, informatiques, appareils photo",1042
2016-11-30 00:00:00+00:00,"Articles d'enfants, de puériculture",84
2016-11-30 00:00:00+00:00,"Articles de sport, loisirs, camping",60
2016-11-30 00:00:00+00:00,Articles médicaux,47
2016-11-30 00:00:00+00:00,"Bagagerie: sacs, valises, cartables",2321
2016-11-30 00:00:00+00:00,"Bijoux, montres",68
2016-11-30 00:00:00+00:00,"Clés, porte-clés, badge magnétique",430
2016-11-30 00:00:00+00:00,Divers,149
2016-11-30 00:00:00+00:00,Instruments de musique,17
2016-11-30 00:00:00+00:00,"Livres, articles de papéterie",209
2016-11-30 00:00:00+00:00,Optique,393
2016-11-30 00:00:00+00:00,Parapluies,158
2016-11-30 00:00:00+00:00,Pièces d'identités et papiers personnels,702
2016-11-30 00:00:00+00:00,"Porte-monnaie / portefeuille, argent, titres",984
2016-11-30 00:00:00+00:00,"Vélos, trottinettes, accessoires 2 roues",78
2016-11-30 00:00:00+00:00,"Vêtements, chaussures",902
2016-12-31 00:00:00+00:00,"Appareils électroniques, informatiques, appareils photo",1157
2016-12-31 00:00:00+00:00,"Articles d'enfants, de puériculture",112
2016-12-31 00:00:00+00:00,"Articles de sport, loisirs, camping",57
2016-12-31 00:00:00+00:00,Articles médicaux,51
2016-12-31 00:00:00+00:00,"Bagagerie: sacs, valises, cartables",2631
2016-12-31 00:00:00+00:00,"Bijoux, montres",89
2016-12-31 00:00:00+00:00,"Clés, porte-clés, badge magnétique",384
2016-12-31 00:00:00+00:00,Divers,150
2016-12-31 00:00:00+00:00,Instruments de musique,16
2016-12-31 00:00:00+00:00,"Livres, articles de papéterie",209
2016-12-31 00:00:00+00:00,Optique,412
2016-12-31 00:00:00+00:00,Parapluies,32
2016-12-31 00:00:00+00:00,Pièces d'identités et papiers personnels,705
2016-12-31 00:00:00+00:00,"Porte-monnaie / portefeuille, argent, titres",943
2016-12-31 00:00:00+00:00,"Vélos, trottinettes, accessoires 2 roues",69
2016-12-31 00:00:00+00:00,"Vêtements, chaussures",968
2017-01-31 00:00:00+00:00,"Appareils électroniques, informatiques, appareils photo",1126
2017-01-31 00:00:00+00:00,"Articles d'enfants, de puériculture",71
2017-01-31 00:00:00+00:00,"Articles de sport, loisirs, camping",51
2017-01-31 00:00:00+00:00,Articles médicaux,49
2017-01-31 00:00:00+00:00,"Bagagerie: sacs, valises, cartables",2452
2017-01-31 00:00:00+00:00,"Bijoux, montres",81
2017-01-31 00:00:00+00:00,"Clés, porte-clés, badge magnétique",361
2017-01-31 00:00:00+00:00,Divers,137
2017-01-31 00:00:00+00:00,Instruments de musique,13
2017-01-31 00:00:00+00:00,"Livres, articles de papéterie",219
2017-01-31 00:00:00+00:00,Optique,367
2017-01-31 00:00:00+00:00,Parapluies,79
2017-01-31 00:00:00+00:00,Pièces d'identités et papiers personnels,718
2017-01-31 00:00:00+00:00,"Porte-monnaie / portefeuille, argent, titres",914
2017-01-31 00:00:00+00:00,"Vélos, trottinettes, accessoires 2 roues",72
2017-01-31 00:00:00+00:00,"Vêtements, chaussures",972
2017-02-28 00:00:00+00:00,"Appareils électroniques, informatiques, appareils photo",1069
2017-02-28 00:00:00+00:00,"Articles d'enfants, de puériculture",96
2017-02-28 00:00:00+00:00,"Articles de sport, loisirs, camping",84
2017-02-28 00:00:00+00:00,Articles médicaux,49
2017-02-28 00:00:00+00:00,"Bagagerie: sacs, valises, cartables",2148
2017-02-28 00:00:00+00:00,"Bijoux, montres",76
2017-02-28 00:00:00+00:00,"Clés, porte-clés, badge magnétique",344
2017-02-28 00:00:00+00:00,Divers,132
2017-02-28 00:00:00+00:00,Instruments de musique,22
2017-02-28 00:00:00+00:00,"Livres, articles de papéterie",212
2017-02-28 00:00:00+00:00,Optique,394
2017-02-28 00:00:00+00:00,Parapluies,86
2017-02-28 00:00:00+00:00,Pièces d'identités et papiers personnels,708
2017-02-28 00:00:00+00:00,"Porte-monnaie / portefeuille, argent, titres",903
2017-02-28 00:00:00+00:00,"Vélos, trottinettes, accessoires 2 roues",72
2017-02-28 00:00:00+00:00,"Vêtements, chaussures",908
2017-03-31 00:00:00+00:00,"Appareils électroniques, informatiques, appareils photo",1178
2017-03-31 00:00:00+00:00,"Articles d'enfants, de puériculture",72
2017-03-31 00:00:00+00:00,"Articles de sport, loisirs, camping",65
2017-03-31 00:00:00+00:00,Articles médicaux,36
2017-03-31 00:00:00+00:00,"Bagagerie: sacs, valises, cartables",2331
2017-03-31 00:00:00+00:00,"Bijoux, montres",69
2017-03-31 00:00:00+00:00,"Clés, porte-clés, badge magnétique",391
2017-03-31 00:00:00+00:00,Divers,130
2017-03-31 00:00:00+00:00,Instruments de musique,27
2017-03-31 00:00:00+00:00,"Livres, articles de papéterie",265
2017-03-31 00:00:00+00:00,Optique,435
2017-03-31 00:00:00+00:00,Parapluies,149
2017-03-31 00:00:00+00:00,Pièces d'identités et papiers personnels,748
2017-03-31 00:00:00+00:00,"Porte-monnaie / portefeuille, argent, titres",954
2017-03-31 00:00:00+00:00,"Vélos, trottinettes, accessoires 2 roues",118
2017-03-31 00:00:00+00:00,"Vêtements, chaussures",916
2017-04-30 00:00:00+00:00,"Appareils électroniques, informatiques, appareils photo",1227
2017-04-30 00:00:00+00:00,"Articles d'enfants, de puériculture",108
2017-04-30 00:00:00+00:00,"Articles de sport, loisirs, camping",88
2017-04-30 00:00:00+00:00,Articles médicaux,51
2017-04-30 00:00:00+00:00,"Bagagerie: sacs, valises, cartables",2283
2017-04-30 00:00:00+00:00,"Bijoux, montres",62
2017-04-30 00:00:00+00:00,"Clés, porte-clés, badge magnétique",408
2017-04-30 00:00:00+00:00,Divers,132
2017-04-30 00:00:00+00:00,Instruments de musique,16
2017-04-30 00:00:00+00:00,"Livres, articles de papéterie",204
2017-04-30 00:00:00+00:00,Optique,534
2017-04-30 00:00:00+00:00,Parapluies,46
2017-04-30 00:00:00+00:00,Pièces d'identités et papiers personnels,677
2017-04-30 00:00:00+00:00,"Porte-monnaie / portefeuille, argent, titres",925
2017-04-30 00:00:00+00:00,"Vélos, trottinettes, accessoires 2 roues",103
2017-04-30 00:00:00+00:00,"Vêtements, chaussures",1057
2017-05-31 00:00:00+00:00,"Appareils électroniques, informatiques, appareils photo",1208
2017-05-31 00:00:00+00:00,"Articles d'enfants, de puériculture",91
2017-05-31 00:00:00+00:00,"Articles de sport, loisirs, camping",90
2017-05-31 00:00:00+00:00,Articles médicaux,62
2017-05-31 00:00:00+00:00,"Bagagerie: sacs, valises, cartables",2271
2017-05-31 00:00:00+00:00,"Bijoux, montres",73
2017-05-31 00:00:00+00:00,"Clés, porte-clés, badge magnétique",450
2017-05-31 00:00:00+00:00,Divers,114
2017-05-31 00:00:00+00:00,Instruments de musique,18
2017-05-31 00:00:00+00:00,"Livres, articles de papéterie",227
2017-05-31 00:00:00+00:00,Optique,522
2017-05-31 00:00:00+00:00,Parapluies,102
2017-05-31 00:00:00+00:00,Pièces d'identités et papiers personnels,603
2017-05-31 00:00:00+00:00,"Porte-monnaie / portefeuille, argent, titres",1030
2017-05-31 00:00:00+00:00,"Vélos, trottinettes, accessoires 2 roues",134
2017-05-31 00:00:00+00:00,"Vêtements, chaussures",1096
2017-06-30 00:00:00+00:00,"Appareils électroniques, informatiques, appareils photo",1347
2017-06-30 00:00:00+00:00,"Articles d'enfants, de puériculture",81
2017-06-30 00:00:00+00:00,"Articles de sport, loisirs, camping",110
2017-06-30 00:00:00+00:00,Articles médicaux,46
2017-06-30 00:00:00+00:00,"Bagagerie: sacs, valises, cartables",2157
2017-06-30 00:00:00+00:00,"Bijoux, montres",84
2017-06-30 00:00:00+00:00,"Clés, porte-clés, badge magnétique",401
2017-06-30 00:00:00+00:00,Divers,146
2017-06-30 00:00:00+00:00,Instruments de musique,15
2017-06-30 00:00:00+00:00,"Livres, articles de papéterie",212
2017-06-30 00:00:00+00:00,Optique,656
2017-06-30 00:00:00+00:00,Parapluies,71
2017-06-30 00:00:00+00:00,Pièces d'identités et papiers personnels,764
2017-06-30 00:00:00+00:00,"Porte-monnaie / portefeuille, argent, titres",1134
2017-06-30 00:00:00+00:00,"Vélos, trottinettes, accessoires 2 roues",136
2017-06-30 00:00:00+00:00,"Vêtements, chaussures",1290
2017-07-31 00:00:00+00:00,"Appareils électroniques, informatiques, appareils photo",1324
2017-07-31 00:00:00+00:00,"Articles d'enfants, de puériculture",136
2017-07-31 00:00:00+00:00,"Articles de sport, loisirs, camping",182
2017-07-31 00:00:00+00:00,Articles médicaux,63
2017-07-31 00:00:00+00:00,"Bagagerie: sacs, valises, cartables",2775
2017-07-31 00:00:00+00:00,"Bijoux, montres",102
2017-07-31 00:00:00+00:00,"Clés, porte-clés, badge magnétique",390
2017-07-31 00:00:00+00:00,Divers,180
2017-07-31 00:00:00+00:00,Instruments de musique,25
2017-07-31 00:00:00+00:00,"Livres, articles de papéterie",217
2017-07-31 00:00:00+00:00,Optique,637
2017-07-31 00:00:00+00:00,Parapluies,112
2017-07-31 00:00:00+00:00,Pièces d'identités et papiers personnels,826
2017-07-31 00:00:00+00:00,"Porte-monnaie / portefeuille, argent, titres",1101
2017-07-31 00:00:00+00:00,"Vélos, trottinettes, accessoires 2 roues",114
2017-07-31 00:00:00+00:00,"Vêtements, chaussures",1569
2017-08-31 00:00:00+00:00,"Appareils électroniques, informatiques, appareils photo",1131
2017-08-31 00:00:00+00:00,"Articles d'enfants, de puériculture",136
2017-08-31 00:00:00+00:00,"Articles de sport, loisirs, camping",188
2017-08-31 00:00:00+00:00,Articles médicaux,59
2017-08-31 00:00:00+00:00,"Bagagerie: sacs, valises, cartables",2522
2017-08-31 00:00:00+00:00,"Bijoux, montres",80
2017-08-31 00:00:00+00:00,"Clés, porte-clés, badge magnétique",350
2017-08-31 00:00:00+00:00,Divers,165
2017-08-31 00:00:00+00:00,Instruments de musique,35
2017-08-31 00:00:00+00:00,"Livres, articles de papéterie",188
2017-08-31 00:00:00+00:00,Optique,540
2017-08-31 00:00:00+00:00,Parapluies,83
2017-08-31 00:00:00+00:00,Pièces d'identités et papiers personnels,683
2017-08-31 00:00:00+00:00,"Porte-monnaie / portefeuille, argent, titres",1007
2017-08-31 00:00:00+00:00,"Vélos, trottinettes, accessoires 2 roues",110
2017-08-31 00:00:00+00:00,"Vêtements, chaussures",1415
2017-09-30 00:00:00+00:00,"Appareils électroniques, informatiques, appareils photo",1108
2017-09-30 00:00:00+00:00,"Articles d'enfants, de puériculture",77
2017-09-30 00:00:00+00:00,"Articles de sport, loisirs, camping",105
2017-09-30 00:00:00+00:00,Articles médicaux,39
2017-09-30 00:00:00+00:00,"Bagagerie: sacs, valises, cartables",2364
2017-09-30 00:00:00+00:00,"Bijoux, montres",63
2017-09-30 00:00:00+00:00,"Clés, porte-clés, badge magnétique",362
2017-09-30 00:00:00+00:00,Divers,126
2017-09-30 00:00:00+00:00,Instruments de musique,25
2017-09-30 00:00:00+00:00,"Livres, articles de papéterie",198
2017-09-30 00:00:00+00:00,Optique,426
2017-09-30 00:00:00+00:00,Parapluies,117
2017-09-30 00:00:00+00:00,Pièces d'identités et papiers personnels,668
2017-09-30 00:00:00+00:00,"Porte-monnaie / portefeuille, argent, titres",926
2017-09-30 00:00:00+00:00,"Vélos, trottinettes, accessoires 2 roues",123
2017-09-30 00:00:00+00:00,"Vêtements, chaussures",1135
2017-10-31 00:00:00+00:00,"Appareils électroniques, informatiques, appareils photo",1229
2017-10-31 00:00:00+00:00,"Articles d'enfants, de puériculture",82
2017-10-31 00:00:00+00:00,"Articles de sport, loisirs, camping",88
2017-10-31 00:00:00+00:00,Articles médicaux,56
2017-10-31 00:00:00+00:00,"Bagagerie: sacs, valises, cartables",2582
2017-10-31 00:00:00+00:00,"Bijoux, montres",88
2017-10-31 00:00:00+00:00,"Clés, porte-clés, badge magnétique",382
2017-10-31 00:00:00+00:00,Divers,147
2017-10-31 00:00:00+00:00,Instruments de musique,20
2017-10-31 00:00:00+00:00,"Livres, articles de papéterie",205
2017-10-31 00:00:00+00:00,Optique,446
2017-10-31 00:00:00+00:00,Parapluies,60
2017-10-31 00:00:00+00:00,Pièces d'identités et papiers personnels,721
2017-10-31 00:00:00+00:00,"Porte-monnaie / portefeuille, argent, titres",1036
2017-10-31 00:00:00+00:00,"Vélos, trottinettes, accessoires 2 roues",131
2017-10-31 00:00:00+00:00,"Vêtements, chaussures",1220
2017-11-30 00:00:00+00:00,"Appareils électroniques, informatiques, appareils photo",1105
2017-11-30 00:00:00+00:00,"Articles d'enfants, de puériculture",73
2017-11-30 00:00:00+00:00,"Articles de sport, loisirs, camping",78
2017-11-30 00:00:00+00:00,Articles médicaux,63
2017-11-30 00:00:00+00:00,"Bagagerie: sacs, valises, cartables",2543
2017-11-30 00:00:00+00:00,"Bijoux, montres",84
2017-11-30 00:00:00+00:00,"Clés, porte-clés, badge magnétique",341
2017-11-30 00:00:00+00:00,Divers,134
2017-11-30 00:00:00+00:00,Instruments de musique,16
2017-11-30 00:00:00+00:00,"Livres, articles de papéterie",221
2017-11-30 00:00:00+00:00,Optique,395
2017-11-30 00:00:00+00:00,Parapluies,94
2017-11-30 00:00:00+00:00,Pièces d'identités et papiers personnels,669
2017-11-30 00:00:00+00:00,"Porte-monnaie / portefeuille, argent, titres",880
2017-11-30 00:00:00+00:00,"Vélos, trottinettes, accessoires 2 roues",111
2017-11-30 00:00:00+00:00,"Vêtements, chaussures",954
2017-12-31 00:00:00+00:00,"Appareils électroniques, informatiques, appareils photo",1038
2017-12-31 00:00:00+00:00,"Articles d'enfants, de puériculture",89
2017-12-31 00:00:00+00:00,"Articles de sport, loisirs, camping",51
2017-12-31 00:00:00+00:00,Articles médicaux,43
2017-12-31 00:00:00+00:00,"Bagagerie: sacs, valises, cartables",2724
2017-12-31 00:00:00+00:00,"Bijoux, montres",61
2017-12-31 00:00:00+00:00,"Clés, porte-clés, badge magnétique",328
2017-12-31 00:00:00+00:00,Divers,131
2017-12-31 00:00:00+00:00,Instruments de musique,20
2017-12-31 00:00:00+00:00,"Livres, articles de papéterie",166
2017-12-31 00:00:00+00:00,Optique,375
2017-12-31 00:00:00+00:00,Parapluies,126
2017-12-31 00:00:00+00:00,Pièces d'identités et papiers personnels,693
2017-12-31 00:00:00+00:00,"Porte-monnaie / portefeuille, argent, titres",1000
2017-12-31 00:00:00+00:00,"Vélos, trottinettes, accessoires 2 roues",72
2017-12-31 00:00:00+00:00,"Vêtements, chaussures",907
2018-01-31 00:00:00+00:00,"Appareils électroniques, informatiques, appareils photo",1150
2018-01-31 00:00:00+00:00,"Articles d'enfants, de puériculture",94
2018-01-31 00:00:00+00:00,"Articles de sport, loisirs, camping",78
2018-01-31 00:00:00+00:00,Articles médicaux,42
2018-01-31 00:00:00+00:00,"Bagagerie: sacs, valises, cartables",2632
2018-01-31 00:00:00+00:00,"Bijoux, montres",78
2018-01-31 00:00:00+00:00,"Clés, porte-clés, badge magnétique",367
2018-01-31 00:00:00+00:00,Divers,128
2018-01-31 00:00:00+00:00,Instruments de musique,21
2018-01-31 00:00:00+00:00,"Livres, articles de papéterie",188
2018-01-31 00:00:00+00:00,Optique,344
2018-01-31 00:00:00+00:00,Parapluies,166
2018-01-31 00:00:00+00:00,Pièces d'identités et papiers personnels,693
2018-01-31 00:00:00+00:00,"Porte-monnaie / portefeuille, argent, titres",921
2018-01-31 00:00:00+00:00,"Vélos, trottinettes, accessoires 2 roues",103
2018-01-31 00:00:00+00:00,"Vêtements, chaussures",898
2018-02-28 00:00:00+00:00,"Appareils électroniques, informatiques, appareils photo",1086
2018-02-28 00:00:00+00:00,"Articles d'enfants, de puériculture",84
2018-02-28 00:00:00+00:00,"Articles de sport, loisirs, camping",69
2018-02-28 00:00:00+00:00,Articles médicaux,34
2018-02-28 00:00:00+00:00,"Bagagerie: sacs, valises, cartables",2370
2018-02-28 00:00:00+00:00,"Bijoux, montres",77
2018-02-28 00:00:00+00:00,"Clés, porte-clés, badge magnétique",309
2018-02-28 00:00:00+00:00,Divers,112
2018-02-28 00:00:00+00:00,Instruments de musique,12
2018-02-28 00:00:00+00:00,"Livres, articles de papéterie",153
2018-02-28 00:00:00+00:00,Optique,320
2018-02-28 00:00:00+00:00,Parapluies,86
2018-02-28 00:00:00+00:00,Pièces d'identités et papiers personnels,601
2018-02-28 00:00:00+00:00,"Porte-monnaie / portefeuille, argent, titres",832
2018-02-28 00:00:00+00:00,"Vélos, trottinettes, accessoires 2 roues",99
2018-02-28 00:00:00+00:00,"Vêtements, chaussures",912
2018-03-31 00:00:00+00:00,"Appareils électroniques, informatiques, appareils photo",1069
2018-03-31 00:00:00+00:00,"Articles d'enfants, de puériculture",78
2018-03-31 00:00:00+00:00,"Articles de sport, loisirs, camping",66
2018-03-31 00:00:00+00:00,Articles médicaux,47
2018-03-31 00:00:00+00:00,"Bagagerie: sacs, valises, cartables",2574
2018-03-31 00:00:00+00:00,"Bijoux, montres",57
2018-03-31 00:00:00+00:00,"Clés, porte-clés, badge magnétique",358
2018-03-31 00:00:00+00:00,Divers,127
2018-03-31 00:00:00+00:00,Instruments de musique,16
2018-03-31 00:00:00+00:00,"Livres, articles de papéterie",155
2018-03-31 00:00:00+00:00,Optique,361
2018-03-31 00:00:00+00:00,Parapluies,99
2018-03-31 00:00:00+00:00,Pièces d'identités et papiers personnels,601
2018-03-31 00:00:00+00:00,"Porte-monnaie / portefeuille, argent, titres",896
2018-03-31 00:00:00+00:00,"Vélos, trottinettes, accessoires 2 roues",107
2018-03-31 00:00:00+00:00,"Vêtements, chaussures",870
2018-04-30 00:00:00+00:00,"Appareils électroniques, informatiques, appareils photo",811
2018-04-30 00:00:00+00:00,"Articles d'enfants, de puériculture",57
2018-04-30 00:00:00+00:00,"Articles de sport, loisirs, camping",43
2018-04-30 00:00:00+00:00,Articles médicaux,30
2018-04-30 00:00:00+00:00,"Bagagerie: sacs, valises, cartables",1798
2018-04-30 00:00:00+00:00,"Bijoux, montres",54
2018-04-30 00:00:00+00:00,"Clés, porte-clés, badge magnétique",205
2018-04-30 00:00:00+00:00,Divers,83
2018-04-30 00:00:00+00:00,Instruments de musique,16
2018-04-30 00:00:00+00:00,"Livres, articles de papéterie",118
2018-04-30 00:00:00+00:00,Optique,290
2018-04-30 00:00:00+00:00,Parapluies,61
2018-04-30 00:00:00+00:00,Pièces d'identités et papiers personnels,463
2018-04-30 00:00:00+00:00,"Porte-monnaie / portefeuille, argent, titres",694
2018-04-30 00:00:00+00:00,"Vélos, trottinettes, accessoires 2 roues",81
2018-04-30 00:00:00+00:00,"Vêtements, chaussures",751
2018-05-31 00:00:00+00:00,"Appareils électroniques, informatiques, appareils photo",828
2018-05-31 00:00:00+00:00,"Articles d'enfants, de puériculture",72
2018-05-31 00:00:00+00:00,"Articles de sport, loisirs, camping",67
2018-05-31 00:00:00+00:00,Articles médicaux,24
2018-05-31 00:00:00+00:00,"Bagagerie: sacs, valises, cartables",1712
2018-05-31 00:00:00+00:00,"Bijoux, montres",51
2018-05-31 00:00:00+00:00,"Clés, porte-clés, badge magnétique",279
2018-05-31 00:00:00+00:00,Divers,95
2018-05-31 00:00:00+00:00,Instruments de musique,16
2018-05-31 00:00:00+00:00,"Livres, articles de papéterie",107
2018-05-31 00:00:00+00:00,Optique,371
2018-05-31 00:00:00+00:00,Parapluies,49
2018-05-31 00:00:00+00:00,Pièces d'identités et papiers personnels,488
2018-05-31 00:00:00+00:00,"Porte-monnaie / portefeuille, argent, titres",714
2018-05-31 00:00:00+00:00,"Vélos, trottinettes, accessoires 2 roues",90
2018-05-31 00:00:00+00:00,"Vêtements, chaussures",945
2018-06-30 00:00:00+00:00,"Appareils électroniques, informatiques, appareils photo",1029
2018-06-30 00:00:00+00:00,"Articles d'enfants, de puériculture",63
2018-06-30 00:00:00+00:00,"Articles de sport, loisirs, camping",72
2018-06-30 00:00:00+00:00,Articles médicaux,37
2018-06-30 00:00:00+00:00,"Bagagerie: sacs, valises, cartables",1945
2018-06-30 00:00:00+00:00,"Bijoux, montres",59
2018-06-30 00:00:00+00:00,"Clés, porte-clés, badge magnétique",321
2018-06-30 00:00:00+00:00,Divers,127
2018-06-30 00:00:00+00:00,Instruments de musique,13
2018-06-30 00:00:00+00:00,"Livres, articles de papéterie",181
2018-06-30 00:00:00+00:00,Optique,382
2018-06-30 00:00:00+00:00,Parapluies,78
2018-06-30 00:00:00+00:00,Pièces d'identités et papiers personnels,514
2018-06-30 00:00:00+00:00,"Porte-monnaie / portefeuille, argent, titres",893
2018-06-30 00:00:00+00:00,"Vélos, trottinettes, accessoires 2 roues",115
2018-06-30 00:00:00+00:00,"Vêtements, chaussures",1173
2018-07-31 00:00:00+00:00,"Appareils électroniques, informatiques, appareils photo",1317
2018-07-31 00:00:00+00:00,"Articles d'enfants, de puériculture",96
2018-07-31 00:00:00+00:00,"Articles de sport, loisirs, camping",200
2018-07-31 00:00:00+00:00,Articles médicaux,55
2018-07-31 00:00:00+00:00,"Bagagerie: sacs, valises, cartables",2638
2018-07-31 00:00:00+00:00,"Bijoux, montres",84
2018-07-31 00:00:00+00:00,"Clés, porte-clés, badge magnétique",381
2018-07-31 00:00:00+00:00,Divers,177
2018-07-31 00:00:00+00:00,Instruments de musique,29
2018-07-31 00:00:00+00:00,"Livres, articles de papéterie",181
2018-07-31 00:00:00+00:00,Optique,585
2018-07-31 00:00:00+00:00,Parapluies,37
2018-07-31 00:00:00+00:00,Pièces d'identités et papiers personnels,703
2018-07-31 00:00:00+00:00,"Porte-monnaie / portefeuille, argent, titres",1155
2018-07-31 00:00:00+00:00,"Vélos, trottinettes, accessoires 2 roues",112
2018-07-31 00:00:00+00:00,"Vêtements, chaussures",1169
2018-08-31 00:00:00+00:00,"Appareils électroniques, informatiques, appareils photo",1172
2018-08-31 00:00:00+00:00,"Articles d'enfants, de puériculture",144
2018-08-31 00:00:00+00:00,"Articles de sport, loisirs, camping",198
2018-08-31 00:00:00+00:00,Articles médicaux,39
2018-08-31 00:00:00+00:00,"Bagagerie: sacs, valises, cartables",2411
2018-08-31 00:00:00+00:00,"Bijoux, montres",85
2018-08-31 00:00:00+00:00,"Clés, porte-clés, badge magnétique",288
2018-08-31 00:00:00+00:00,Divers,248
2018-08-31 00:00:00+00:00,Instruments de musique,22
2018-08-31 00:00:00+00:00,"Livres, articles de papéterie",131
2018-08-31 00:00:00+00:00,Optique,512
2018-08-31 00:00:00+00:00,Parapluies,45
2018-08-31 00:00:00+00:00,Pièces d'identités et papiers personnels,681
2018-08-31 00:00:00+00:00,"Porte-monnaie / portefeuille, argent, titres",1109
2018-08-31 00:00:00+00:00,"Vélos, trottinettes, accessoires 2 roues",93
2018-08-31 00:00:00+00:00,"Vêtements, chaussures",1239
2018-09-30 00:00:00+00:00,"Appareils électroniques, informatiques, appareils photo",1223
2018-09-30 00:00:00+00:00,"Articles d'enfants, de puériculture",69
2018-09-30 00:00:00+00:00,"Articles de sport, loisirs, camping",85
2018-09-30 00:00:00+00:00,Articles médicaux,31
2018-09-30 00:00:00+00:00,"Bagagerie: sacs, valises, cartables",2311
2018-09-30 00:00:00+00:00,"Bijoux, montres",72
2018-09-30 00:00:00+00:00,"Clés, porte-clés, badge magnétique",380
2018-09-30 00:00:00+00:00,Divers,145
2018-09-30 00:00:00+00:00,Instruments de musique,17
2018-09-30 00:00:00+00:00,"Livres, articles de papéterie",176
2018-09-30 00:00:00+00:00,Optique,445
2018-09-30 00:00:00+00:00,Parapluies,26
2018-09-30 00:00:00+00:00,Pièces d'identités et papiers personnels,592
2018-09-30 00:00:00+00:00,"Porte-monnaie / portefeuille, argent, titres",1006
2018-09-30 00:00:00+00:00,"Vélos, trottinettes, accessoires 2 roues",155
2018-09-30 00:00:00+00:00,"Vêtements, chaussures",1333
2018-10-31 00:00:00+00:00,"Appareils électroniques, informatiques, appareils photo",1304
2018-10-31 00:00:00+00:00,"Articles d'enfants, de puériculture",61
2018-10-31 00:00:00+00:00,"Articles de sport, loisirs, camping",69
2018-10-31 00:00:00+00:00,Articles médicaux,39
2018-10-31 00:00:00+00:00,"Bagagerie: sacs, valises, cartables",2739
2018-10-31 00:00:00+00:00,"Bijoux, montres",97
2018-10-31 00:00:00+00:00,"Clés, porte-clés, badge magnétique",408
2018-10-31 00:00:00+00:00,Divers,187
2018-10-31 00:00:00+00:00,Instruments de musique,16
2018-10-31 00:00:00+00:00,"Livres, articles de papéterie",212
2018-10-31 00:00:00+00:00,Optique,445
2018-10-31 00:00:00+00:00,Parapluies,41
2018-10-31 00:00:00+00:00,Pièces d'identités et papiers personnels,718
2018-10-31 00:00:00+00:00,"Porte-monnaie / portefeuille, argent, titres",1070
2018-10-31 00:00:00+00:00,"Vélos, trottinettes, accessoires 2 roues",169
2018-10-31 00:00:00+00:00,"Vêtements, chaussures",1309
2018-11-30 00:00:00+00:00,"Appareils électroniques, informatiques, appareils photo",1082
2018-11-30 00:00:00+00:00,"Articles d'enfants, de puériculture",54
2018-11-30 00:00:00+00:00,"Articles de sport, loisirs, camping",52
2018-11-30 00:00:00+00:00,Articles médicaux,30
2018-11-30 00:00:00+00:00,"Bagagerie: sacs, valises, cartables",2552
2018-11-30 00:00:00+00:00,"Bijoux, montres",71
2018-11-30 00:00:00+00:00,"Clés, porte-clés, badge magnétique",319
2018-11-30 00:00:00+00:00,Divers,138
2018-11-30 00:00:00+00:00,Instruments de musique,13
2018-11-30 00:00:00+00:00,"Livres, articles de papéterie",210
2018-11-30 00:00:00+00:00,Optique,350
2018-11-30 00:00:00+00:00,Parapluies,108
2018-11-30 00:00:00+00:00,Pièces d'identités et papiers personnels,575
2018-11-30 00:00:00+00:00,"Porte-monnaie / portefeuille, argent, titres",837
2018-11-30 00:00:00+00:00,"Vélos, trottinettes, accessoires 2 roues",133
2018-11-30 00:00:00+00:00,"Vêtements, chaussures",873
2018-12-31 00:00:00+00:00,"Appareils électroniques, informatiques, appareils photo",1043
2018-12-31 00:00:00+00:00,"Articles d'enfants, de puériculture",64
2018-12-31 00:00:00+00:00,"Articles de sport, loisirs, camping",51
2018-12-31 00:00:00+00:00,Articles médicaux,29
2018-12-31 00:00:00+00:00,"Bagagerie: sacs, valises, cartables",2798
2018-12-31 00:00:00+00:00,"Bijoux, montres",80
2018-12-31 00:00:00+00:00,"Clés, porte-clés, badge magnétique",316
2018-12-31 00:00:00+00:00,Divers,139
2018-12-31 00:00:00+00:00,Instruments de musique,20
2018-12-31 00:00:00+00:00,"Livres, articles de papéterie",154
2018-12-31 00:00:00+00:00,Optique,318
2018-12-31 00:00:00+00:00,Parapluies,100
2018-12-31 00:00:00+00:00,Pièces d'identités et papiers personnels,640
2018-12-31 00:00:00+00:00,"Porte-monnaie / portefeuille, argent, titres",852
2018-12-31 00:00:00+00:00,"Vélos, trottinettes, accessoires 2 roues",96
2018-12-31 00:00:00+00:00,"Vêtements, chaussures",878
2019-01-31 00:00:00+00:00,"Appareils électroniques, informatiques, appareils photo",1138
2019-01-31 00:00:00+00:00,"Articles d'enfants, de puériculture",59
2019-01-31 00:00:00+00:00,"Articles de sport, loisirs, camping",61
2019-01-31 00:00:00+00:00,Articles médicaux,30
2019-01-31 00:00:00+00:00,"Bagagerie: sacs, valises, cartables",2604
2019-01-31 00:00:00+00:00,"Bijoux, montres",77
2019-01-31 00:00:00+00:00,"Clés, porte-clés, badge magnétique",325
2019-01-31 00:00:00+00:00,Divers,133
2019-01-31 00:00:00+00:00,Instruments de musique,28
2019-01-31 00:00:00+00:00,"Livres, articles de papéterie",162
2019-01-31 00:00:00+00:00,Optique,324
2019-01-31 00:00:00+00:00,Parapluies,45
2019-01-31 00:00:00+00:00,Pièces d'identités et papiers personnels,578
2019-01-31 00:00:00+00:00,"Porte-monnaie / portefeuille, argent, titres",759
2019-01-31 00:00:00+00:00,"Vélos, trottinettes, accessoires 2 roues",92
2019-01-31 00:00:00+00:00,"Vêtements, chaussures",757
2019-02-28 00:00:00+00:00,"Appareils électroniques, informatiques, appareils photo",1083
2019-02-28 00:00:00+00:00,"Articles d'enfants, de puériculture",64
2019-02-28 00:00:00+00:00,"Articles de sport, loisirs, camping",52
2019-02-28 00:00:00+00:00,Articles médicaux,25
2019-02-28 00:00:00+00:00,"Bagagerie: sacs, valises, cartables",2410
2019-02-28 00:00:00+00:00,"Bijoux, montres",67
2019-02-28 00:00:00+00:00,"Clés, porte-clés, badge magnétique",330
2019-02-28 00:00:00+00:00,Divers,111
2019-02-28 00:00:00+00:00,Instruments de musique,13
2019-02-28 00:00:00+00:00,"Livres, articles de papéterie",161
2019-02-28 00:00:00+00:00,Optique,313
2019-02-28 00:00:00+00:00,Parapluies,44
2019-02-28 00:00:00+00:00,Pièces d'identités et papiers personnels,525
2019-02-28 00:00:00+00:00,"Porte-monnaie / portefeuille, argent, titres",797
2019-02-28 00:00:00+00:00,"Vélos, trottinettes, accessoires 2 roues",106
2019-02-28 00:00:00+00:00,"Vêtements, chaussures",793
2019-03-31 00:00:00+00:00,"Appareils électroniques, informatiques, appareils photo",1261
2019-03-31 00:00:00+00:00,"Articles d'enfants, de puériculture",51
2019-03-31 00:00:00+00:00,"Articles de sport, loisirs, camping",62
2019-03-31 00:00:00+00:00,Articles médicaux,34
2019-03-31 00:00:00+00:00,"Bagagerie: sacs, valises, cartables",2515
2019-03-31 00:00:00+00:00,"Bijoux, montres",76
2019-03-31 00:00:00+00:00,"Clés, porte-clés, badge magnétique",340
2019-03-31 00:00:00+00:00,Divers,158
2019-03-31 00:00:00+00:00,Instruments de musique,15
2019-03-31 00:00:00+00:00,"Livres, articles de papéterie",190
2019-03-31 00:00:00+00:00,Optique,385
2019-03-31 00:00:00+00:00,Parapluies,82
2019-03-31 00:00:00+00:00,Pièces d'identités et papiers personnels,551
2019-03-31 00:00:00+00:00,"Porte-monnaie / portefeuille, argent, titres",858
2019-03-31 00:00:00+00:00,"Vélos, trottinettes, accessoires 2 roues",133
2019-03-31 00:00:00+00:00,"Vêtements, chaussures",851
2019-04-30 00:00:00+00:00,"Appareils électroniques, informatiques, appareils photo",1213
2019-04-30 00:00:00+00:00,"Articles d'enfants, de puériculture",74
2019-04-30 00:00:00+00:00,"Articles de sport, loisirs, camping",67
2019-04-30 00:00:00+00:00,Articles médicaux,30
2019-04-30 00:00:00+00:00,"Bagagerie: sacs, valises, cartables",2666
2019-04-30 00:00:00+00:00,"Bijoux, montres",68
2019-04-30 00:00:00+00:00,"Clés, porte-clés, badge magnétique",335
2019-04-30 00:00:00+00:00,Divers,158
2019-04-30 00:00:00+00:00,Instruments de musique,24
2019-04-30 00:00:00+00:00,"Livres, articles de papéterie",167
2019-04-30 00:00:00+00:00,Optique,441
2019-04-30 00:00:00+00:00,Parapluies,59
2019-04-30 00:00:00+00:00,Pièces d'identités et papiers personnels,543
2019-04-30 00:00:00+00:00,"Porte-monnaie / portefeuille, argent, titres",934
2019-04-30 00:00:00+00:00,"Vélos, trottinettes, accessoires 2 roues",145
2019-04-30 00:00:00+00:00,"Vêtements, chaussures",978
2019-05-31 00:00:00+00:00,"Appareils électroniques, informatiques, appareils photo",1179
2019-05-31 00:00:00+00:00,"Articles d'enfants, de puériculture",71
2019-05-31 00:00:00+00:00,"Articles de sport, loisirs, camping",59
2019-05-31 00:00:00+00:00,Articles médicaux,42
2019-05-31 00:00:00+00:00,"Bagagerie: sacs, valises, cartables",2393
2019-05-31 00:00:00+00:00,"Bijoux, montres",72
2019-05-31 00:00:00+00:00,"Clés, porte-clés, badge magnétique",340
2019-05-31 00:00:00+00:00,Divers,180
2019-05-31 00:00:00+00:00,Instruments de musique,24
2019-05-31 00:00:00+00:00,"Livres, articles de papéterie",160
2019-05-31 00:00:00+00:00,Optique,441
2019-05-31 00:00:00+00:00,Parapluies,78
2019-05-31 00:00:00+00:00,Pièces d'identités et papiers personnels,536
2019-05-31 00:00:00+00:00,"Porte-monnaie / portefeuille, argent, titres",849
2019-05-31 00:00:00+00:00,"Vélos, trottinettes, accessoires 2 roues",140
2019-05-31 00:00:00+00:00,"Vêtements, chaussures",1035
2019-06-30 00:00:00+00:00,"Appareils électroniques, informatiques, appareils photo",1296
2019-06-30 00:00:00+00:00,"Articles d'enfants, de puériculture",71
2019-06-30 00:00:00+00:00,"Articles de sport, loisirs, camping",74
2019-06-30 00:00:00+00:00,Articles médicaux,31
2019-06-30 00:00:00+00:00,"Bagagerie: sacs, valises, cartables",2377
2019-06-30 00:00:00+00:00,"Bijoux, montres",66
2019-06-30 00:00:00+00:00,"Clés, porte-clés, badge magnétique",339
2019-06-30 00:00:00+00:00,Divers,169
2019-06-30 00:00:00+00:00,Instruments de musique,13
2019-06-30 00:00:00+00:00,"Livres, articles de papéterie",118
2019-06-30 00:00:00+00:00,Optique,472
2019-06-30 00:00:00+00:00,Parapluies,75
2019-06-30 00:00:00+00:00,Pièces d'identités et papiers personnels,515
2019-06-30 00:00:00+00:00,"Porte-monnaie / portefeuille, argent, titres",898
2019-06-30 00:00:00+00:00,"Vélos, trottinettes, accessoires 2 roues",130
2019-06-30 00:00:00+00:00,"Vêtements, chaussures",1149
2019-07-31 00:00:00+00:00,"Appareils électroniques, informatiques, appareils photo",1396
2019-07-31 00:00:00+00:00,"Articles d'enfants, de puériculture",125
2019-07-31 00:00:00+00:00,"Articles de sport, loisirs, camping",171
2019-07-31 00:00:00+00:00,Articles médicaux,34
2019-07-31 00:00:00+00:00,"Bagagerie: sacs, valises, cartables",2789
2019-07-31 00:00:00+00:00,"Bijoux, montres",73
2019-07-31 00:00:00+00:00,"Clés, porte-clés, badge magnétique",381
2019-07-31 00:00:00+00:00,Divers,226
2019-07-31 00:00:00+00:00,Instruments de musique,33
2019-07-31 00:00:00+00:00,"Livres, articles de papéterie",168
2019-07-31 00:00:00+00:00,Optique,664
2019-07-31 00:00:00+00:00,Parapluies,23
2019-07-31 00:00:00+00:00,Pièces d'identités et papiers personnels,565
2019-07-31 00:00:00+00:00,"Porte-monnaie / portefeuille, argent, titres",1049
2019-07-31 00:00:00+00:00,"Vélos, trottinettes, accessoires 2 roues",164
2019-07-31 00:00:00+00:00,"Vêtements, chaussures",1320
2019-08-31 00:00:00+00:00,"Appareils électroniques, informatiques, appareils photo",1155
2019-08-31 00:00:00+00:00,"Articles d'enfants, de puériculture",123
2019-08-31 00:00:00+00:00,"Articles de sport, loisirs, camping",171
2019-08-31 00:00:00+00:00,Articles médicaux,31
2019-08-31 00:00:00+00:00,"Bagagerie: sacs, valises, cartables",2488
2019-08-31 00:00:00+00:00,"Bijoux, montres",62
2019-08-31 00:00:00+00:00,"Clés, porte-clés, badge magnétique",289
2019-08-31 00:00:00+00:00,Divers,189
2019-08-31 00:00:00+00:00,Instruments de musique,30
2019-08-31 00:00:00+00:00,"Livres, articles de papéterie",130
2019-08-31 00:00:00+00:00,Optique,484
2019-08-31 00:00:00+00:00,Parapluies,47
2019-08-31 00:00:00+00:00,Pièces d'identités et papiers personnels,537
2019-08-31 00:00:00+00:00,"Porte-monnaie / portefeuille, argent, titres",951
2019-08-31 00:00:00+00:00,"Vélos, trottinettes, accessoires 2 roues",132
2019-08-31 00:00:00+00:00,"Vêtements, chaussures",1201
2019-09-30 00:00:00+00:00,"Appareils électroniques, informatiques, appareils photo",1172
2019-09-30 00:00:00+00:00,"Articles d'enfants, de puériculture",61
2019-09-30 00:00:00+00:00,"Articles de sport, loisirs, camping",88
2019-09-30 00:00:00+00:00,Articles médicaux,46
2019-09-30 00:00:00+00:00,"Bagagerie: sacs, valises, cartables",2438
2019-09-30 00:00:00+00:00,"Bijoux, montres",66
2019-09-30 00:00:00+00:00,"Clés, porte-clés, badge magnétique",336
2019-09-30 00:00:00+00:00,Divers,202
2019-09-30 00:00:00+00:00,Instruments de musique,21
2019-09-30 00:00:00+00:00,"Livres, articles de papéterie",140
2019-09-30 00:00:00+00:00,Optique,475
2019-09-30 00:00:00+00:00,Parapluies,42
2019-09-30 00:00:00+00:00,Pièces d'identités et papiers personnels,463
2019-09-30 00:00:00+00:00,"Porte-monnaie / portefeuille, argent, titres",902
2019-09-30 00:00:00+00:00,"Vélos, trottinettes, accessoires 2 roues",127
2019-09-30 00:00:00+00:00,"Vêtements, chaussures",1301
2019-10-31 00:00:00+00:00,"Appareils électroniques, informatiques, appareils photo",1228
2019-10-31 00:00:00+00:00,"Articles d'enfants, de puériculture",59
2019-10-31 00:00:00+00:00,"Articles de sport, loisirs, camping",51
2019-10-31 00:00:00+00:00,Articles médicaux,30
2019-10-31 00:00:00+00:00,"Bagagerie: sacs, valises, cartables",2550
2019-10-31 00:00:00+00:00,"Bijoux, montres",70
2019-10-31 00:00:00+00:00,"Clés, porte-clés, badge magnétique",350
2019-10-31 00:00:00+00:00,Divers,185
2019-10-31 00:00:00+00:00,Instruments de musique,16
2019-10-31 00:00:00+00:00,"Livres, articles de papéterie",198
2019-10-31 00:00:00+00:00,Optique,365
2019-10-31 00:00:00+00:00,Parapluies,107
2019-10-31 00:00:00+00:00,Pièces d'identités et papiers personnels,471
2019-10-31 00:00:00+00:00,"Porte-monnaie / portefeuille, argent, titres",886
2019-10-31 00:00:00+00:00,"Vélos, trottinettes, accessoires 2 roues",123
2019-10-31 00:00:00+00:00,"Vêtements, chaussures",979
2019-11-30 00:00:00+00:00,"Appareils électroniques, informatiques, appareils photo",1074
2019-11-30 00:00:00+00:00,"Articles d'enfants, de puériculture",51
2019-11-30 00:00:00+00:00,"Articles de sport, loisirs, camping",59
2019-11-30 00:00:00+00:00,Articles médicaux,27
2019-11-30 00:00:00+00:00,"Bagagerie: sacs, valises, cartables",2516
2019-11-30 00:00:00+00:00,"Bijoux, montres",47
2019-11-30 00:00:00+00:00,"Clés, porte-clés, badge magnétique",293
2019-11-30 00:00:00+00:00,Divers,163
2019-11-30 00:00:00+00:00,Instruments de musique,19
2019-11-30 00:00:00+00:00,"Livres, articles de papéterie",169
2019-11-30 00:00:00+00:00,Optique,285
2019-11-30 00:00:00+00:00,Parapluies,98
2019-11-30 00:00:00+00:00,Pièces d'identités et papiers personnels,434
2019-11-30 00:00:00+00:00,"Porte-monnaie / portefeuille, argent, titres",878
2019-11-30 00:00:00+00:00,"Vélos, trottinettes, accessoires 2 roues",106
2019-11-30 00:00:00+00:00,"Vêtements, chaussures",713
2019-12-31 00:00:00+00:00,"Appareils électroniques, informatiques, appareils photo",578
2019-12-31 00:00:00+00:00,"Articles d'enfants, de puériculture",29
2019-12-31 00:00:00+00:00,"Articles de sport, loisirs, camping",24
2019-12-31 00:00:00+00:00,Articles médicaux,20
2019-12-31 00:00:00+00:00,"Bagagerie: sacs, valises, cartables",1280
2019-12-31 00:00:00+00:00,"Bijoux, montres",43
2019-12-31 00:00:00+00:00,"Clés, porte-clés, badge magnétique",135
2019-12-31 00:00:00+00:00,Divers,97
2019-12-31 00:00:00+00:00,Instruments de musique,5
2019-12-31 00:00:00+00:00,"Livres, articles de papéterie",74
2019-12-31 00:00:00+00:00,Optique,142
2019-12-31 00:00:00+00:00,Parapluies,50
2019-12-31 00:00:00+00:00,Pièces d'identités et papiers personnels,269
2019-12-31 00:00:00+00:00,"Porte-monnaie / portefeuille, argent, titres",492
2019-12-31 00:00:00+00:00,"Vélos, trottinettes, accessoires 2 roues",46
2019-12-31 00:00:00+00:00,"Vêtements, chaussures",372
2020-01-31 00:00:00+00:00,"Appareils électroniques, informatiques, appareils photo",808
2020-01-31 00:00:00+00:00,"Articles d'enfants, de puériculture",45
2020-01-31 00:00:00+00:00,"Articles de sport, loisirs, camping",46
2020-01-31 00:00:00+00:00,Articles médicaux,21
2020-01-31 00:00:00+00:00,"Bagagerie: sacs, valises, cartables",1857
2020-01-31 00:00:00+00:00,"Bijoux, montres",48
2020-01-31 00:00:00+00:00,"Clés, porte-clés, badge magnétique",237
2020-01-31 00:00:00+00:00,Divers,141
2020-01-31 00:00:00+00:00,Instruments de musique,12
2020-01-31 00:00:00+00:00,"Livres, articles de papéterie",114
2020-01-31 00:00:00+00:00,Optique,204
2020-01-31 00:00:00+00:00,Parapluies,53
2020-01-31 00:00:00+00:00,Pièces d'identités et papiers personnels,367
2020-01-31 00:00:00+00:00,"Porte-monnaie / portefeuille, argent, titres",648
2020-01-31 00:00:00+00:00,"Vélos, trottinettes, accessoires 2 roues",99
2020-01-31 00:00:00+00:00,"Vêtements, chaussures",545
2020-02-29 00:00:00+00:00,"Appareils électroniques, informatiques, appareils photo",1074
2020-02-29 00:00:00+00:00,"Articles d'enfants, de puériculture",62
2020-02-29 00:00:00+00:00,"Articles de sport, loisirs, camping",64
2020-02-29 00:00:00+00:00,Articles médicaux,27
2020-02-29 00:00:00+00:00,"Bagagerie: sacs, valises, cartables",2425
2020-02-29 00:00:00+00:00,"Bijoux, montres",70
2020-02-29 00:00:00+00:00,"Clés, porte-clés, badge magnétique",291
2020-02-29 00:00:00+00:00,Divers,136
2020-02-29 00:00:00+00:00,Instruments de musique,9
2020-02-29 00:00:00+00:00,"Livres, articles de papéterie",158
2020-02-29 00:00:00+00:00,Optique,315
2020-02-29 00:00:00+00:00,Parapluies,64
2020-02-29 00:00:00+00:00,Pièces d'identités et papiers personnels,487
2020-02-29 00:00:00+00:00,"Porte-monnaie / portefeuille, argent, titres",748
2020-02-29 00:00:00+00:00,"Vélos, trottinettes, accessoires 2 roues",113
2020-02-29 00:00:00+00:00,"Vêtements, chaussures",658
2020-03-31 00:00:00+00:00,"Appareils électroniques, informatiques, appareils photo",518
2020-03-31 00:00:00+00:00,"Articles d'enfants, de puériculture",23
2020-03-31 00:00:00+00:00,"Articles de sport, loisirs, camping",32
2020-03-31 00:00:00+00:00,Articles médicaux,16
2020-03-31 00:00:00+00:00,"Bagagerie: sacs, valises, cartables",1253
2020-03-31 00:00:00+00:00,"Bijoux, montres",32
2020-03-31 00:00:00+00:00,"Clés, porte-clés, badge magnétique",136
2020-03-31 00:00:00+00:00,Divers,60
2020-03-31 00:00:00+00:00,Instruments de musique,11
2020-03-31 00:00:00+00:00,"Livres, articles de papéterie",63
2020-03-31 00:00:00+00:00,Optique,122
2020-03-31 00:00:00+00:00,Parapluies,80
2020-03-31 00:00:00+00:00,Pièces d'identités et papiers personnels,227
2020-03-31 00:00:00+00:00,"Porte-monnaie / portefeuille, argent, titres",390
2020-03-31 00:00:00+00:00,"Vélos, trottinettes, accessoires 2 roues",67
2020-03-31 00:00:00+00:00,"Vêtements, chaussures",242
2020-04-30 00:00:00+00:00,"Appareils électroniques, informatiques, appareils photo",4
2020-04-30 00:00:00+00:00,"Bagagerie: sacs, valises, cartables",25
2020-04-30 00:00:00+00:00,"Clés, porte-clés, badge magnétique",5
2020-04-30 00:00:00+00:00,Divers,3
2020-04-30 00:00:00+00:00,Optique,2
2020-04-30 00:00:00+00:00,Pièces d'identités et papiers personnels,9
2020-04-30 00:00:00+00:00,"Porte-monnaie / portefeuille, argent, titres",8
2020-04-30 00:00:00+00:00,"Vélos, trottinettes, accessoires 2 roues",1
2020-04-30 00:00:00+00:00,"Vêtements, chaussures",1
2020-05-31 00:00:00+00:00,"Appareils électroniques, informatiques, appareils photo",166
2020-05-31 00:00:00+00:00,"Articles d'enfants, de puériculture",6
2020-05-31 00:00:00+00:00,"Articles de sport, loisirs, camping",13
2020-05-31 00:00:00+00:00,Articles médicaux,5
2020-05-31 00:00:00+00:00,"Bagagerie: sacs, valises, cartables",328
2020-05-31 00:00:00+00:00,"Bijoux, montres",9
2020-05-31 00:00:00+00:00,"Clés, porte-clés, badge magnétique",61
2020-05-31 00:00:00+00:00,Divers,27
2020-05-31 00:00:00+00:00,Instruments de musique,3
2020-05-31 00:00:00+00:00,"Livres, articles de papéterie",22
2020-05-31 00:00:00+00:00,Optique,46
2020-05-31 00:00:00+00:00,Parapluies,7
2020-05-31 00:00:00+00:00,Pièces d'identités et papiers personnels,139
2020-05-31 00:00:00+00:00,"Porte-monnaie / portefeuille, argent, titres",157
2020-05-31 00:00:00+00:00,"Vélos, trottinettes, accessoires 2 roues",30
2020-05-31 00:00:00+00:00,"Vêtements, chaussures",90
2020-06-30 00:00:00+00:00,"Appareils électroniques, informatiques, appareils photo",556
2020-06-30 00:00:00+00:00,"Articles d'enfants, de puériculture",33
2020-06-30 00:00:00+00:00,"Articles de sport, loisirs, camping",43
2020-06-30 00:00:00+00:00,Articles médicaux,26
2020-06-30 00:00:00+00:00,"Bagagerie: sacs, valises, cartables",985
2020-06-30 00:00:00+00:00,"Bijoux, montres",26
2020-06-30 00:00:00+00:00,"Clés, porte-clés, badge magnétique",170
2020-06-30 00:00:00+00:00,Divers,67
2020-06-30 00:00:00+00:00,Instruments de musique,8
2020-06-30 00:00:00+00:00,"Livres, articles de papéterie",47
2020-06-30 00:00:00+00:00,Optique,206
2020-06-30 00:00:00+00:00,Parapluies,36
2020-06-30 00:00:00+00:00,Pièces d'identités et papiers personnels,257
2020-06-30 00:00:00+00:00,"Porte-monnaie / portefeuille, argent, titres",489
2020-06-30 00:00:00+00:00,"Vélos, trottinettes, accessoires 2 roues",93
2020-06-30 00:00:00+00:00,"Vêtements, chaussures",444
2020-07-31 00:00:00+00:00,"Appareils électroniques, informatiques, appareils photo",832
2020-07-31 00:00:00+00:00,"Articles d'enfants, de puériculture",78
2020-07-31 00:00:00+00:00,"Articles de sport, loisirs, camping",149
2020-07-31 00:00:00+00:00,Articles médicaux,22
2020-07-31 00:00:00+00:00,"Bagagerie: sacs, valises, cartables",1716
2020-07-31 00:00:00+00:00,"Bijoux, montres",62
2020-07-31 00:00:00+00:00,"Clés, porte-clés, badge magnétique",206
2020-07-31 00:00:00+00:00,Divers,131
2020-07-31 00:00:00+00:00,Instruments de musique,30
2020-07-31 00:00:00+00:00,"Livres, articles de papéterie",104
2020-07-31 00:00:00+00:00,Optique,325
2020-07-31 00:00:00+00:00,Parapluies,14
2020-07-31 00:00:00+00:00,Pièces d'identités et papiers personnels,384
2020-07-31 00:00:00+00:00,"Porte-monnaie / portefeuille, argent, titres",735
2020-07-31 00:00:00+00:00,"Vélos, trottinettes, accessoires 2 roues",111
2020-07-31 00:00:00+00:00,"Vêtements, chaussures",814
2020-08-31 00:00:00+00:00,"Appareils électroniques, informatiques, appareils photo",832
2020-08-31 00:00:00+00:00,"Articles d'enfants, de puériculture",84
2020-08-31 00:00:00+00:00,"Articles de sport, loisirs, camping",167
2020-08-31 00:00:00+00:00,Articles médicaux,33
2020-08-31 00:00:00+00:00,"Bagagerie: sacs, valises, cartables",1721
2020-08-31 00:00:00+00:00,"Bijoux, montres",58
2020-08-31 00:00:00+00:00,"Clés, porte-clés, badge magnétique",193
2020-08-31 00:00:00+00:00,Divers,124
2020-08-31 00:00:00+00:00,Instruments de musique,22
2020-08-31 00:00:00+00:00,"Livres, articles de papéterie",73
2020-08-31 00:00:00+00:00,Optique,338
2020-08-31 00:00:00+00:00,Parapluies,25
2020-08-31 00:00:00+00:00,Pièces d'identités et papiers personnels,384
2020-08-31 00:00:00+00:00,"Porte-monnaie / portefeuille, argent, titres",743
2020-08-31 00:00:00+00:00,"Vélos, trottinettes, accessoires 2 roues",125
2020-08-31 00:00:00+00:00,"Vêtements, chaussures",621
2020-09-30 00:00:00+00:00,"Appareils électroniques, informatiques, appareils photo",797
2020-09-30 00:00:00+00:00,"Articles d'enfants, de puériculture",27
2020-09-30 00:00:00+00:00,"Articles de sport, loisirs, camping",69
2020-09-30 00:00:00+00:00,Articles médicaux,23
2020-09-30 00:00:00+00:00,"Bagagerie: sacs, valises, cartables",1504
2020-09-30 00:00:00+00:00,"Bijoux, montres",48
2020-09-30 00:00:00+00:00,"Clés, porte-clés, badge magnétique",261
2020-09-30 00:00:00+00:00,Divers,109
2020-09-30 00:00:00+00:00,Instruments de musique,14
2020-09-30 00:00:00+00:00,"Livres, articles de papéterie",87
2020-09-30 00:00:00+00:00,Optique,291
2020-09-30 00:00:00+00:00,Parapluies,25
2020-09-30 00:00:00+00:00,Pièces d'identités et papiers personnels,406
2020-09-30 00:00:00+00:00,"Porte-monnaie / portefeuille, argent, titres",723
2020-09-30 00:00:00+00:00,"Vélos, trottinettes, accessoires 2 roues",152
2020-09-30 00:00:00+00:00,"Vêtements, chaussures",694
2020-10-31 00:00:00+00:00,"Appareils électroniques, informatiques, appareils photo",808
2020-10-31 00:00:00+00:00,"Articles d'enfants, de puériculture",55
2020-10-31 00:00:00+00:00,"Articles de sport, loisirs, camping",49
2020-10-31 00:00:00+00:00,Articles médicaux,25
2020-10-31 00:00:00+00:00,"Bagagerie: sacs, valises, cartables",1834
2020-10-31 00:00:00+00:00,"Bijoux, montres",34
2020-10-31 00:00:00+00:00,"Clés, porte-clés, badge magnétique",202
2020-10-31 00:00:00+00:00,Divers,109
2020-10-31 00:00:00+00:00,Instruments de musique,19
2020-10-31 00:00:00+00:00,"Livres, articles de papéterie",66
2020-10-31 00:00:00+00:00,Optique,232
2020-10-31 00:00:00+00:00,Parapluies,77
2020-10-31 00:00:00+00:00,Pièces d'identités et papiers personnels,362
2020-10-31 00:00:00+00:00,"Porte-monnaie / portefeuille, argent, titres",640
2020-10-31 00:00:00+00:00,"Vélos, trottinettes, accessoires 2 roues",112
2020-10-31 00:00:00+00:00,"Vêtements, chaussures",512
2020-11-30 00:00:00+00:00,"Appareils électroniques, informatiques, appareils photo",338
2020-11-30 00:00:00+00:00,"Articles d'enfants, de puériculture",16
2020-11-30 00:00:00+00:00,"Articles de sport, loisirs, camping",13
2020-11-30 00:00:00+00:00,Articles médicaux,9
2020-11-30 00:00:00+00:00,"Bagagerie: sacs, valises, cartables",722
2020-11-30 00:00:00+00:00,"Bijoux, montres",11
2020-11-30 00:00:00+00:00,"Clés, porte-clés, badge magnétique",104
2020-11-30 00:00:00+00:00,Divers,48
2020-11-30 00:00:00+00:00,Instruments de musique,16
2020-11-30 00:00:00+00:00,"Livres, articles de papéterie",29
2020-11-30 00:00:00+00:00,Optique,104
2020-11-30 00:00:00+00:00,Parapluies,10
2020-11-30 00:00:00+00:00,Pièces d'identités et papiers personnels,201
2020-11-30 00:00:00+00:00,"Porte-monnaie / portefeuille, argent, titres",299
2020-11-30 00:00:00+00:00,"Vélos, trottinettes, accessoires 2 roues",61
2020-11-30 00:00:00+00:00,"Vêtements, chaussures",132
2020-12-31 00:00:00+00:00,"Appareils électroniques, informatiques, appareils photo",613
2020-12-31 00:00:00+00:00,"Articles d'enfants, de puériculture",25
2020-12-31 00:00:00+00:00,"Articles de sport, loisirs, camping",34
2020-12-31 00:00:00+00:00,Articles médicaux,20
2020-12-31 00:00:00+00:00,"Bagagerie: sacs, valises, cartables",1387
2020-12-31 00:00:00+00:00,"Bijoux, montres",29
2020-12-31 00:00:00+00:00,"Clés, porte-clés, badge magnétique",134
2020-12-31 00:00:00+00:00,Divers,101
2020-12-31 00:00:00+00:00,Instruments de musique,21
2020-12-31 00:00:00+00:00,"Livres, articles de papéterie",64
2020-12-31 00:00:00+00:00,Optique,162
2020-12-31 00:00:00+00:00,Parapluies,43
2020-12-31 00:00:00+00:00,Pièces d'identités et papiers personnels,257
2020-12-31 00:00:00+00:00,"Porte-monnaie / portefeuille, argent, titres",452
2020-12-31 00:00:00+00:00,"Vélos, trottinettes, accessoires 2 roues",71
2020-12-31 00:00:00+00:00,"Vêtements, chaussures",328
2021-01-31 00:00:00+00:00,"Appareils électroniques, informatiques, appareils photo",630
2021-01-31 00:00:00+00:00,"Articles d'enfants, de puériculture",33
2021-01-31 00:00:00+00:00,"Articles de sport, loisirs, camping",36
2021-01-31 00:00:00+00:00,Articles médicaux,16
2021-01-31 00:00:00+00:00,"Bagagerie: sacs, valises, cartables",1466
2021-01-31 00:00:00+00:00,"Bijoux, montres",26
2021-01-31 00:00:00+00:00,"Clés, porte-clés, badge magnétique",174
2021-01-31 00:00:00+00:00,Divers,86
2021-01-31 00:00:00+00:00,Instruments de musique,11
2021-01-31 00:00:00+00:00,"Livres, articles de papéterie",54
2021-01-31 00:00:00+00:00,Optique,188
2021-01-31 00:00:00+00:00,Parapluies,36
2021-01-31 00:00:00+00:00,Pièces d'identités et papiers personnels,251
2021-01-31 00:00:00+00:00,"Porte-monnaie / portefeuille, argent, titres",453
2021-01-31 00:00:00+00:00,"Vélos, trottinettes, accessoires 2 roues",73
2021-01-31 00:00:00+00:00,"Vêtements, chaussures",266
2021-02-28 00:00:00+00:00,"Appareils électroniques, informatiques, appareils photo",650
2021-02-28 00:00:00+00:00,"Articles d'enfants, de puériculture",30
2021-02-28 00:00:00+00:00,"Articles de sport, loisirs, camping",41
2021-02-28 00:00:00+00:00,Articles médicaux,19
2021-02-28 00:00:00+00:00,"Bagagerie: sacs, valises, cartables",1398
2021-02-28 00:00:00+00:00,"Bijoux, montres",30
2021-02-28 00:00:00+00:00,"Clés, porte-clés, badge magnétique",167
2021-02-28 00:00:00+00:00,Divers,81
2021-02-28 00:00:00+00:00,Instruments de musique,7
2021-02-28 00:00:00+00:00,"Livres, articles de papéterie",55
2021-02-28 00:00:00+00:00,Optique,183
2021-02-28 00:00:00+00:00,Parapluies,48
2021-02-28 00:00:00+00:00,Pièces d'identités et papiers personnels,253
2021-02-28 00:00:00+00:00,"Porte-monnaie / portefeuille, argent, titres",443
2021-02-28 00:00:00+00:00,"Vélos, trottinettes, accessoires 2 roues",69
2021-02-28 00:00:00+00:00,"Vêtements, chaussures",297
2021-03-31 00:00:00+00:00,"Appareils électroniques, informatiques, appareils photo",761
2021-03-31 00:00:00+00:00,"Articles d'enfants, de puériculture",53
2021-03-31 00:00:00+00:00,"Articles de sport, loisirs, camping",47
2021-03-31 00:00:00+00:00,Articles médicaux,18
2021-03-31 00:00:00+00:00,"Bagagerie: sacs, valises, cartables",1428
2021-03-31 00:00:00+00:00,"Bijoux, montres",33
2021-03-31 00:00:00+00:00,"Clés, porte-clés, badge magnétique",156
2021-03-31 00:00:00+00:00,Divers,88
2021-03-31 00:00:00+00:00,Instruments de musique,10
2021-03-31 00:00:00+00:00,"Livres, articles de papéterie",87
2021-03-31 00:00:00+00:00,Optique,224
2021-03-31 00:00:00+00:00,Parapluies,22
2021-03-31 00:00:00+00:00,Pièces d'identités et papiers personnels,262
2021-03-31 00:00:00+00:00,"Porte-monnaie / portefeuille, argent, titres",563
2021-03-31 00:00:00+00:00,"Vélos, trottinettes, accessoires 2 roues",84
2021-03-31 00:00:00+00:00,"Vêtements, chaussures",342
2021-04-30 00:00:00+00:00,"Appareils électroniques, informatiques, appareils photo",525
2021-04-30 00:00:00+00:00,"Articles d'enfants, de puériculture",27
2021-04-30 00:00:00+00:00,"Articles de sport, loisirs, camping",29
2021-04-30 00:00:00+00:00,Articles médicaux,19
2021-04-30 00:00:00+00:00,"Bagagerie: sacs, valises, cartables",1076
2021-04-30 00:00:00+00:00,"Bijoux, montres",23
2021-04-30 00:00:00+00:00,"Clés, porte-clés, badge magnétique",129
2021-04-30 00:00:00+00:00,Divers,73
2021-04-30 00:00:00+00:00,Instruments de musique,16
2021-04-30 00:00:00+00:00,"Livres, articles de papéterie",58
2021-04-30 00:00:00+00:00,Optique,144
2021-04-30 00:00:00+00:00,Parapluies,8
2021-04-30 00:00:00+00:00,Pièces d'identités et papiers personnels,239
2021-04-30 00:00:00+00:00,"Porte-monnaie / portefeuille, argent, titres",394
2021-04-30 00:00:00+00:00,"Vélos, trottinettes, accessoires 2 roues",91
2021-04-30 00:00:00+00:00,"Vêtements, chaussures",293
2021-05-31 00:00:00+00:00,"Appareils électroniques, informatiques, appareils photo",756
2021-05-31 00:00:00+00:00,"Articles d'enfants, de puériculture",41
2021-05-31 00:00:00+00:00,"Articles de sport, loisirs, camping",42
2021-05-31 00:00:00+00:00,Articles médicaux,21
2021-05-31 00:00:00+00:00,"Bagagerie: sacs, valises, cartables",1467
2021-05-31 00:00:00+00:00,"Bijoux, montres",39
2021-05-31 00:00:00+00:00,"Clés, porte-clés, badge magnétique",164
2021-05-31 00:00:00+00:00,Divers,88
2021-05-31 00:00:00+00:00,Instruments de musique,17
2021-05-31 00:00:00+00:00,"Livres, articles de papéterie",79
2021-05-31 00:00:00+00:00,Optique,215
2021-05-31 00:00:00+00:00,Parapluies,43
2021-05-31 00:00:00+00:00,Pièces d'identités et papiers personnels,278
2021-05-31 00:00:00+00:00,"Porte-monnaie / portefeuille, argent, titres",534
2021-05-31 00:00:00+00:00,"Vélos, trottinettes, accessoires 2 roues",121
2021-05-31 00:00:00+00:00,"Vêtements, chaussures",401
2021-06-30 00:00:00+00:00,"Appareils électroniques, informatiques, appareils photo",917
2021-06-30 00:00:00+00:00,"Articles d'enfants, de puériculture",43
2021-06-30 00:00:00+00:00,"Articles de sport, loisirs, camping",61
2021-06-30 00:00:00+00:00,Articles médicaux,30
2021-06-30 00:00:00+00:00,"Bagagerie: sacs, valises, cartables",1593
2021-06-30 00:00:00+00:00,"Bijoux, montres",42
2021-06-30 00:00:00+00:00,"Clés, porte-clés, badge magnétique",222
2021-06-30 00:00:00+00:00,Divers,137
2021-06-30 00:00:00+00:00,Instruments de musique,13
2021-06-30 00:00:00+00:00,"Livres, articles de papéterie",89
2021-06-30 00:00:00+00:00,Optique,306
2021-06-30 00:00:00+00:00,Parapluies,41
2021-06-30 00:00:00+00:00,Pièces d'identités et papiers personnels,336
2021-06-30 00:00:00+00:00,"Porte-monnaie / portefeuille, argent, titres",738
2021-06-30 00:00:00+00:00,"Vélos, trottinettes, accessoires 2 roues",170
2021-06-30 00:00:00+00:00,"Vêtements, chaussures",678
2021-07-31 00:00:00+00:00,"Appareils électroniques, informatiques, appareils photo",988
2021-07-31 00:00:00+00:00,"Articles d'enfants, de puériculture",87
2021-07-31 00:00:00+00:00,"Articles de sport, loisirs, camping",167
2021-07-31 00:00:00+00:00,Articles médicaux,23
2021-07-31 00:00:00+00:00,"Bagagerie: sacs, valises, cartables",2097
2021-07-31 00:00:00+00:00,"Bijoux, montres",66
2021-07-31 00:00:00+00:00,"Clés, porte-clés, badge magnétique",213
2021-07-31 00:00:00+00:00,Divers,171
2021-07-31 00:00:00+00:00,Instruments de musique,25
2021-07-31 00:00:00+00:00,"Livres, articles de papéterie",102
2021-07-31 00:00:00+00:00,Optique,338
2021-07-31 00:00:00+00:00,Parapluies,55
2021-07-31 00:00:00+00:00,Pièces d'identités et papiers personnels,395
2021-07-31 00:00:00+00:00,"Porte-monnaie / portefeuille, argent, titres",804
2021-07-31 00:00:00+00:00,"Vélos, trottinettes, accessoires 2 roues",167
2021-07-31 00:00:00+00:00,"Vêtements, chaussures",975
2021-08-31 00:00:00+00:00,"Appareils électroniques, informatiques, appareils photo",893
2021-08-31 00:00:00+00:00,"Articles d'enfants, de puériculture",86
2021-08-31 00:00:00+00:00,"Articles de sport, loisirs, camping",172
2021-08-31 00:00:00+00:00,Articles médicaux,35
2021-08-31 00:00:00+00:00,"Bagagerie: sacs, valises, cartables",2242
2021-08-31 00:00:00+00:00,"Bijoux, montres",56
2021-08-31 00:00:00+00:00,"Clés, porte-clés, badge magnétique",206
2021-08-31 00:00:00+00:00,Divers,163
2021-08-31 00:00:00+00:00,Instruments de musique,24
2021-08-31 00:00:00+00:00,"Livres, articles de papéterie",77
2021-08-31 00:00:00+00:00,Optique,341
2021-08-31 00:00:00+00:00,Parapluies,40
2021-08-31 00:00:00+00:00,Pièces d'identités et papiers personnels,433
2021-08-31 00:00:00+00:00,"Porte-monnaie / portefeuille, argent, titres",776
2021-08-31 00:00:00+00:00,"Vélos, trottinettes, accessoires 2 roues",158
2021-08-31 00:00:00+00:00,"Vêtements, chaussures",897
2021-09-30 00:00:00+00:00,"Appareils électroniques, informatiques, appareils photo",970
2021-09-30 00:00:00+00:00,"Articles d'enfants, de puériculture",55
2021-09-30 00:00:00+00:00,"Articles de sport, loisirs, camping",69
2021-09-30 00:00:00+00:00,Articles médicaux,35
2021-09-30 00:00:00+00:00,"Bagagerie: sacs, valises, cartables",1974
2021-09-30 00:00:00+00:00,"Bijoux, montres",60
2021-09-30 00:00:00+00:00,"Clés, porte-clés, badge magnétique",230
2021-09-30 00:00:00+00:00,Divers,139
2021-09-30 00:00:00+00:00,Instruments de musique,20
2021-09-30 00:00:00+00:00,"Livres, articles de papéterie",92
2021-09-30 00:00:00+00:00,Optique,288
2021-09-30 00:00:00+00:00,Parapluies,41
2021-09-30 00:00:00+00:00,Pièces d'identités et papiers personnels,369
2021-09-30 00:00:00+00:00,"Porte-monnaie / portefeuille, argent, titres",789
2021-09-30 00:00:00+00:00,"Vélos, trottinettes, accessoires 2 roues",145
2021-09-30 00:00:00+00:00,"Vêtements, chaussures",873
2021-10-31 00:00:00+00:00,"Appareils électroniques, informatiques, appareils photo",978
2021-10-31 00:00:00+00:00,"Articles d'enfants, de puériculture",57
2021-10-31 00:00:00+00:00,"Articles de sport, loisirs, camping",55
2021-10-31 00:00:00+00:00,Articles médicaux,28
2021-10-31 00:00:00+00:00,"Bagagerie: sacs, valises, cartables",2235
2021-10-31 00:00:00+00:00,"Bijoux, montres",59
2021-10-31 00:00:00+00:00,"Clés, porte-clés, badge magnétique",220
2021-10-31 00:00:00+00:00,Divers,154
2021-10-31 00:00:00+00:00,Instruments de musique,16
2021-10-31 00:00:00+00:00,"Livres, articles de papéterie",115
2021-10-31 00:00:00+00:00,Optique,269
2021-10-31 00:00:00+00:00,Parapluies,54
2021-10-31 00:00:00+00:00,Pièces d'identités et papiers personnels,357
2021-10-31 00:00:00+00:00,"Porte-monnaie / portefeuille, argent, titres",703
2021-10-31 00:00:00+00:00,"Vélos, trottinettes, accessoires 2 roues",170
2021-10-31 00:00:00+00:00,"Vêtements, chaussures",773
2021-11-30 00:00:00+00:00,"Appareils électroniques, informatiques, appareils photo",912
2021-11-30 00:00:00+00:00,"Articles d'enfants, de puériculture",60
2021-11-30 00:00:00+00:00,"Articles de sport, loisirs, camping",49
2021-11-30 00:00:00+00:00,Articles médicaux,37
2021-11-30 00:00:00+00:00,"Bagagerie: sacs, valises, cartables",2232
2021-11-30 00:00:00+00:00,"Bijoux, montres",53
2021-11-30 00:00:00+00:00,"Clés, porte-clés, badge magnétique",200
2021-11-30 00:00:00+00:00,Divers,111
2021-11-30 00:00:00+00:00,Instruments de musique,12
2021-11-30 00:00:00+00:00,"Livres, articles de papéterie",92
2021-11-30 00:00:00+00:00,Optique,221
2021-11-30 00:00:00+00:00,Parapluies,39
2021-11-30 00:00:00+00:00,Pièces d'identités et papiers personnels,315
2021-11-30 00:00:00+00:00,"Porte-monnaie / portefeuille, argent, titres",704
2021-11-30 00:00:00+00:00,"Vélos, trottinettes, accessoires 2 roues",108
2021-11-30 00:00:00+00:00,"Vêtements, chaussures",502
2021-12-31 00:00:00+00:00,"Appareils électroniques, informatiques, appareils photo",991
2021-12-31 00:00:00+00:00,"Articles d'enfants, de puériculture",75
2021-12-31 00:00:00+00:00,"Articles de sport, loisirs, camping",40
2021-12-31 00:00:00+00:00,Articles médicaux,29
2021-12-31 00:00:00+00:00,"Bagagerie: sacs, valises, cartables",2399
2021-12-31 00:00:00+00:00,"Bijoux, montres",59
2021-12-31 00:00:00+00:00,"Clés, porte-clés, badge magnétique",207
2021-12-31 00:00:00+00:00,Divers,139
2021-12-31 00:00:00+00:00,Instruments de musique,24
2021-12-31 00:00:00+00:00,"Livres, articles de papéterie",93
2021-12-31 00:00:00+00:00,Optique,268
2021-12-31 00:00:00+00:00,Parapluies,63
2021-12-31 00:00:00+00:00,Pièces d'identités et papiers personnels,374
2021-12-31 00:00:00+00:00,"Porte-monnaie / portefeuille, argent, titres",721
2021-12-31 00:00:00+00:00,"Vélos, trottinettes, accessoires 2 roues",102
2021-12-31 00:00:00+00:00,"Vêtements, chaussures",460
